Game Nr;Facilitator;Name;Pronouns
1;TRUE;devin / @devindecibel;they/he
1;FALSE;hunter / @hunter5;Any
1;FALSE;Bunnie (bunniepet on Twitch);She/They
1;FALSE;dov;she/her
2;TRUE;Halceon;he/they
2;FALSE;Jamie;she/her
2;FALSE;Mokka;they/them
2;FALSE;Cindy;she/her
2;FALSE;ili;she/her
3;TRUE;Rumda;She/Fae 
3;FALSE;Miranda;She/Her
3;FALSE;Alex;he/him
3;FALSE;Sean;they/any
3;FALSE;Ash;Any pronouns
3;FALSE;Jake;He/Him
4;TRUE;Cindi;she/her
4;FALSE;Anna;she / her
4;FALSE;Clay or Mark;he/they
4;FALSE;Ian;he/him
5;TRUE;Science Bird;they/them
5;FALSE;Celina;she/her
5;FALSE;Jake;he/him
5;FALSE;Monica;she/her
6;TRUE;Emily;she/her
6;FALSE;Bob;they/them
6;FALSE;Ani;she/any
6;FALSE;Grace;she/her
6;FALSE;Sean;they/any
7;TRUE;Jenna;She/Her
7;FALSE;Mitchell;he\him
7;FALSE;Remus;he/they
7;FALSE;Moor;they/them
7;FALSE;Twice;they/it
8;TRUE;Jamie;she/her
8;FALSE;Clay or Mark;he/they
8;FALSE;Gumbo;they/them
8;FALSE;Ian;he/him
8;FALSE;Rumda;She/Fae
9;TRUE;Aoife;They/She
9;FALSE;Cindy;she/her
9;FALSE;Neon;they/them
9;FALSE;Rosetta;She/They/Xe
9;FALSE;Rumda ;She/Fae
10;TRUE;Jake;he/him
10;FALSE;Devon;she/her
10;FALSE;Jack;he/him
10;FALSE;Zack/ @Chimeraaart.bsky.social;he/him
10;FALSE;Margaret;she/her
11;TRUE;Fi T Hazard;
11;FALSE;Monica;she/her
11;FALSE;Sabriel;
11;FALSE;Artie;
11;FALSE;reid;he/they
12;TRUE;Gumbo;they/them
12;FALSE;Nobody;
12;FALSE;Zelda/ @thaneskeepgames.bsky.social;She/They
12;FALSE;Morning @morningmeasure ;It/any
12;FALSE;@foolinc;He/Him
13;TRUE;Tallis;he/him
13;FALSE;dov;she/her
13;FALSE;salt;xe/he
13;FALSE;Mitchell;he\him
13;FALSE;Remus;he/they
13;FALSE;jenna;
14;TRUE;Alice;she/her
14;FALSE;Maren;they/them
14;FALSE;Adela;
14;FALSE;Cindy;she/her
14;FALSE;Halceon;he/they
14;FALSE;Cindi;she/her
15;TRUE;Adam;he/they
15;FALSE;Mari;ey/em
15;FALSE;Emily;she/her
15;FALSE;Neon;they/them
16;TRUE;Adam Bell;he/him
16;FALSE;Mokka;they/them
16;FALSE;ili;she/her
16;FALSE;Anna;she / her
16;FALSE;devin / @devindecibel;they/he
17;TRUE;coffee (@ahcoffeebeans, all platforms);they/them
17;FALSE;Ciri;She/Her
17;FALSE;HB;they/them
17;FALSE;Wren;she/they
17;FALSE;Rose;She/Her
18;TRUE;Ash;Any pronouns
18;FALSE;Ali;he/they
18;FALSE;Ian;he/him
18;FALSE;Wren;she/they
